P,urn:nasa:pds:lp-mag-calibrated:data-lunarcrds:ma980116::1.0
P,urn:nasa:pds:lp-mag-calibrated:data-lunarcrds:ma980117::1.0
P,urn:nasa:pds:lp-mag-calibrated:data-lunarcrds:ma980118::1.0
P,urn:nasa:pds:lp-mag-calibrated:data-lunarcrds:ma980119::1.0
P,urn:nasa:pds:lp-mag-calibrated:data-lunarcrds:ma980120::1.0
P,urn:nasa:pds:lp-mag-calibrated:data-lunarcrds:ma980121::1.0
P,urn:nasa:pds:lp-mag-calibrated:data-lunarcrds:ma980122::1.0
P,urn:nasa:pds:lp-mag-calibrated:data-lunarcrds:ma980123::1.0
P,urn:nasa:pds:lp-mag-calibrated:data-lunarcrds:ma980124::1.0
P,urn:nasa:pds:lp-mag-calibrated:data-lunarcrds:ma980125::1.0
P,urn:nasa:pds:lp-mag-calibrated:data-lunarcrds:ma980126::1.0
P,urn:nasa:pds:lp-mag-calibrated:data-lunarcrds:ma980127::1.0
P,urn:nasa:pds:lp-mag-calibrated:data-lunarcrds:ma980128::1.0
P,urn:nasa:pds:lp-mag-calibrated:data-lunarcrds:ma980129::1.0
P,urn:nasa:pds:lp-mag-calibrated:data-lunarcrds:ma980130::1.0
P,urn:nasa:pds:lp-mag-calibrated:data-lunarcrds:ma980131::1.0
P,urn:nasa:pds:lp-mag-calibrated:data-lunarcrds:ma980201::1.0
P,urn:nasa:pds:lp-mag-calibrated:data-lunarcrds:ma980202::1.0
P,urn:nasa:pds:lp-mag-calibrated:data-lunarcrds:ma980203::1.0
P,urn:nasa:pds:lp-mag-calibrated:data-lunarcrds:ma980204::1.0
P,urn:nasa:pds:lp-mag-calibrated:data-lunarcrds:ma980205::1.0
P,urn:nasa:pds:lp-mag-calibrated:data-lunarcrds:ma980206::1.0
P,urn:nasa:pds:lp-mag-calibrated:data-lunarcrds:ma980207::1.0
P,urn:nasa:pds:lp-mag-calibrated:data-lunarcrds:ma980208::1.0
P,urn:nasa:pds:lp-mag-calibrated:data-lunarcrds:ma980209::1.0
P,urn:nasa:pds:lp-mag-calibrated:data-lunarcrds:ma980210::1.0
P,urn:nasa:pds:lp-mag-calibrated:data-lunarcrds:ma980211::1.0
P,urn:nasa:pds:lp-mag-calibrated:data-lunarcrds:ma980212::1.0
P,urn:nasa:pds:lp-mag-calibrated:data-lunarcrds:ma980213::1.0
P,urn:nasa:pds:lp-mag-calibrated:data-lunarcrds:ma980214::1.0
P,urn:nasa:pds:lp-mag-calibrated:data-lunarcrds:ma980215::1.0
P,urn:nasa:pds:lp-mag-calibrated:data-lunarcrds:ma980216::1.0
P,urn:nasa:pds:lp-mag-calibrated:data-lunarcrds:ma980217::1.0
P,urn:nasa:pds:lp-mag-calibrated:data-lunarcrds:ma980218::1.0
P,urn:nasa:pds:lp-mag-calibrated:data-lunarcrds:ma980219::1.0
P,urn:nasa:pds:lp-mag-calibrated:data-lunarcrds:ma980220::1.0
P,urn:nasa:pds:lp-mag-calibrated:data-lunarcrds:ma980221::1.0
P,urn:nasa:pds:lp-mag-calibrated:data-lunarcrds:ma980222::1.0
P,urn:nasa:pds:lp-mag-calibrated:data-lunarcrds:ma980223::1.0
P,urn:nasa:pds:lp-mag-calibrated:data-lunarcrds:ma980224::1.0
P,urn:nasa:pds:lp-mag-calibrated:data-lunarcrds:ma980225::1.0
P,urn:nasa:pds:lp-mag-calibrated:data-lunarcrds:ma980226::1.0
P,urn:nasa:pds:lp-mag-calibrated:data-lunarcrds:ma980227::1.0
P,urn:nasa:pds:lp-mag-calibrated:data-lunarcrds:ma980228::1.0
P,urn:nasa:pds:lp-mag-calibrated:data-lunarcrds:ma980301::1.0
P,urn:nasa:pds:lp-mag-calibrated:data-lunarcrds:ma980302::1.0
P,urn:nasa:pds:lp-mag-calibrated:data-lunarcrds:ma980303::1.0
P,urn:nasa:pds:lp-mag-calibrated:data-lunarcrds:ma980304::1.0
P,urn:nasa:pds:lp-mag-calibrated:data-lunarcrds:ma980305::1.0
P,urn:nasa:pds:lp-mag-calibrated:data-lunarcrds:ma980306::1.0
P,urn:nasa:pds:lp-mag-calibrated:data-lunarcrds:ma980307::1.0
P,urn:nasa:pds:lp-mag-calibrated:data-lunarcrds:ma980308::1.0
P,urn:nasa:pds:lp-mag-calibrated:data-lunarcrds:ma980309::1.0
P,urn:nasa:pds:lp-mag-calibrated:data-lunarcrds:ma980310::1.0
P,urn:nasa:pds:lp-mag-calibrated:data-lunarcrds:ma980311::1.0
P,urn:nasa:pds:lp-mag-calibrated:data-lunarcrds:ma980312::1.0
P,urn:nasa:pds:lp-mag-calibrated:data-lunarcrds:ma980313::1.0
P,urn:nasa:pds:lp-mag-calibrated:data-lunarcrds:ma980314::1.0
P,urn:nasa:pds:lp-mag-calibrated:data-lunarcrds:ma980315::1.0
P,urn:nasa:pds:lp-mag-calibrated:data-lunarcrds:ma980316::1.0
P,urn:nasa:pds:lp-mag-calibrated:data-lunarcrds:ma980317::1.0
P,urn:nasa:pds:lp-mag-calibrated:data-lunarcrds:ma980318::1.0
P,urn:nasa:pds:lp-mag-calibrated:data-lunarcrds:ma980319::1.0
P,urn:nasa:pds:lp-mag-calibrated:data-lunarcrds:ma980320::1.0
P,urn:nasa:pds:lp-mag-calibrated:data-lunarcrds:ma980321::1.0
P,urn:nasa:pds:lp-mag-calibrated:data-lunarcrds:ma980322::1.0
P,urn:nasa:pds:lp-mag-calibrated:data-lunarcrds:ma980323::1.0
P,urn:nasa:pds:lp-mag-calibrated:data-lunarcrds:ma980324::1.0
P,urn:nasa:pds:lp-mag-calibrated:data-lunarcrds:ma980325::1.0
P,urn:nasa:pds:lp-mag-calibrated:data-lunarcrds:ma980326::1.0
P,urn:nasa:pds:lp-mag-calibrated:data-lunarcrds:ma980327::1.0
P,urn:nasa:pds:lp-mag-calibrated:data-lunarcrds:ma980328::1.0
P,urn:nasa:pds:lp-mag-calibrated:data-lunarcrds:ma980329::1.0
P,urn:nasa:pds:lp-mag-calibrated:data-lunarcrds:ma980330::1.0
P,urn:nasa:pds:lp-mag-calibrated:data-lunarcrds:ma980331::1.0
P,urn:nasa:pds:lp-mag-calibrated:data-lunarcrds:ma980401::1.0
P,urn:nasa:pds:lp-mag-calibrated:data-lunarcrds:ma980402::1.0
P,urn:nasa:pds:lp-mag-calibrated:data-lunarcrds:ma980403::1.0
P,urn:nasa:pds:lp-mag-calibrated:data-lunarcrds:ma980404::1.0
P,urn:nasa:pds:lp-mag-calibrated:data-lunarcrds:ma980405::1.0
P,urn:nasa:pds:lp-mag-calibrated:data-lunarcrds:ma980406::1.0
P,urn:nasa:pds:lp-mag-calibrated:data-lunarcrds:ma980407::1.0
P,urn:nasa:pds:lp-mag-calibrated:data-lunarcrds:ma980408::1.0
P,urn:nasa:pds:lp-mag-calibrated:data-lunarcrds:ma980409::1.0
P,urn:nasa:pds:lp-mag-calibrated:data-lunarcrds:ma980410::1.0
P,urn:nasa:pds:lp-mag-calibrated:data-lunarcrds:ma980411::1.0
P,urn:nasa:pds:lp-mag-calibrated:data-lunarcrds:ma980412::1.0
P,urn:nasa:pds:lp-mag-calibrated:data-lunarcrds:ma980413::1.0
P,urn:nasa:pds:lp-mag-calibrated:data-lunarcrds:ma980414::1.0
P,urn:nasa:pds:lp-mag-calibrated:data-lunarcrds:ma980415::1.0
P,urn:nasa:pds:lp-mag-calibrated:data-lunarcrds:ma980416::1.0
P,urn:nasa:pds:lp-mag-calibrated:data-lunarcrds:ma980417::1.0
P,urn:nasa:pds:lp-mag-calibrated:data-lunarcrds:ma980418::1.0
P,urn:nasa:pds:lp-mag-calibrated:data-lunarcrds:ma980419::1.0
P,urn:nasa:pds:lp-mag-calibrated:data-lunarcrds:ma980420::1.0
P,urn:nasa:pds:lp-mag-calibrated:data-lunarcrds:ma980421::1.0
P,urn:nasa:pds:lp-mag-calibrated:data-lunarcrds:ma980422::1.0
P,urn:nasa:pds:lp-mag-calibrated:data-lunarcrds:ma980423::1.0
P,urn:nasa:pds:lp-mag-calibrated:data-lunarcrds:ma980424::1.0
P,urn:nasa:pds:lp-mag-calibrated:data-lunarcrds:ma980425::1.0
P,urn:nasa:pds:lp-mag-calibrated:data-lunarcrds:ma980426::1.0
P,urn:nasa:pds:lp-mag-calibrated:data-lunarcrds:ma980427::1.0
P,urn:nasa:pds:lp-mag-calibrated:data-lunarcrds:ma980428::1.0
P,urn:nasa:pds:lp-mag-calibrated:data-lunarcrds:ma980429::1.0
P,urn:nasa:pds:lp-mag-calibrated:data-lunarcrds:ma980430::1.0
P,urn:nasa:pds:lp-mag-calibrated:data-lunarcrds:ma980501::1.0
P,urn:nasa:pds:lp-mag-calibrated:data-lunarcrds:ma980502::1.0
P,urn:nasa:pds:lp-mag-calibrated:data-lunarcrds:ma980503::1.0
P,urn:nasa:pds:lp-mag-calibrated:data-lunarcrds:ma980504::1.0
P,urn:nasa:pds:lp-mag-calibrated:data-lunarcrds:ma980505::1.0
P,urn:nasa:pds:lp-mag-calibrated:data-lunarcrds:ma980506::1.0
P,urn:nasa:pds:lp-mag-calibrated:data-lunarcrds:ma980507::1.0
P,urn:nasa:pds:lp-mag-calibrated:data-lunarcrds:ma980508::1.0
P,urn:nasa:pds:lp-mag-calibrated:data-lunarcrds:ma980509::1.0
P,urn:nasa:pds:lp-mag-calibrated:data-lunarcrds:ma980510::1.0
P,urn:nasa:pds:lp-mag-calibrated:data-lunarcrds:ma980511::1.0
P,urn:nasa:pds:lp-mag-calibrated:data-lunarcrds:ma980512::1.0
P,urn:nasa:pds:lp-mag-calibrated:data-lunarcrds:ma980513::1.0
P,urn:nasa:pds:lp-mag-calibrated:data-lunarcrds:ma980514::1.0
P,urn:nasa:pds:lp-mag-calibrated:data-lunarcrds:ma980515::1.0
P,urn:nasa:pds:lp-mag-calibrated:data-lunarcrds:ma980516::1.0
P,urn:nasa:pds:lp-mag-calibrated:data-lunarcrds:ma980517::1.0
P,urn:nasa:pds:lp-mag-calibrated:data-lunarcrds:ma980518::1.0
P,urn:nasa:pds:lp-mag-calibrated:data-lunarcrds:ma980519::1.0
P,urn:nasa:pds:lp-mag-calibrated:data-lunarcrds:ma980520::1.0
P,urn:nasa:pds:lp-mag-calibrated:data-lunarcrds:ma980521::1.0
P,urn:nasa:pds:lp-mag-calibrated:data-lunarcrds:ma980522::1.0
P,urn:nasa:pds:lp-mag-calibrated:data-lunarcrds:ma980523::1.0
P,urn:nasa:pds:lp-mag-calibrated:data-lunarcrds:ma980524::1.0
P,urn:nasa:pds:lp-mag-calibrated:data-lunarcrds:ma980525::1.0
P,urn:nasa:pds:lp-mag-calibrated:data-lunarcrds:ma980526::1.0
P,urn:nasa:pds:lp-mag-calibrated:data-lunarcrds:ma980527::1.0
P,urn:nasa:pds:lp-mag-calibrated:data-lunarcrds:ma980528::1.0
P,urn:nasa:pds:lp-mag-calibrated:data-lunarcrds:ma980529::1.0
P,urn:nasa:pds:lp-mag-calibrated:data-lunarcrds:ma980530::1.0
P,urn:nasa:pds:lp-mag-calibrated:data-lunarcrds:ma980531::1.0
P,urn:nasa:pds:lp-mag-calibrated:data-lunarcrds:ma980601::1.0
P,urn:nasa:pds:lp-mag-calibrated:data-lunarcrds:ma980602::1.0
P,urn:nasa:pds:lp-mag-calibrated:data-lunarcrds:ma980603::1.0
P,urn:nasa:pds:lp-mag-calibrated:data-lunarcrds:ma980604::1.0
P,urn:nasa:pds:lp-mag-calibrated:data-lunarcrds:ma980605::1.0
P,urn:nasa:pds:lp-mag-calibrated:data-lunarcrds:ma980606::1.0
P,urn:nasa:pds:lp-mag-calibrated:data-lunarcrds:ma980607::1.0
P,urn:nasa:pds:lp-mag-calibrated:data-lunarcrds:ma980608::1.0
P,urn:nasa:pds:lp-mag-calibrated:data-lunarcrds:ma980609::1.0
P,urn:nasa:pds:lp-mag-calibrated:data-lunarcrds:ma980610::1.0
P,urn:nasa:pds:lp-mag-calibrated:data-lunarcrds:ma980611::1.0
P,urn:nasa:pds:lp-mag-calibrated:data-lunarcrds:ma980612::1.0
P,urn:nasa:pds:lp-mag-calibrated:data-lunarcrds:ma980613::1.0
P,urn:nasa:pds:lp-mag-calibrated:data-lunarcrds:ma980614::1.0
P,urn:nasa:pds:lp-mag-calibrated:data-lunarcrds:ma980615::1.0
P,urn:nasa:pds:lp-mag-calibrated:data-lunarcrds:ma980616::1.0
P,urn:nasa:pds:lp-mag-calibrated:data-lunarcrds:ma980617::1.0
P,urn:nasa:pds:lp-mag-calibrated:data-lunarcrds:ma980618::1.0
P,urn:nasa:pds:lp-mag-calibrated:data-lunarcrds:ma980619::1.0
P,urn:nasa:pds:lp-mag-calibrated:data-lunarcrds:ma980620::1.0
P,urn:nasa:pds:lp-mag-calibrated:data-lunarcrds:ma980621::1.0
P,urn:nasa:pds:lp-mag-calibrated:data-lunarcrds:ma980622::1.0
P,urn:nasa:pds:lp-mag-calibrated:data-lunarcrds:ma980623::1.0
P,urn:nasa:pds:lp-mag-calibrated:data-lunarcrds:ma980624::1.0
P,urn:nasa:pds:lp-mag-calibrated:data-lunarcrds:ma980625::1.0
P,urn:nasa:pds:lp-mag-calibrated:data-lunarcrds:ma980626::1.0
P,urn:nasa:pds:lp-mag-calibrated:data-lunarcrds:ma980627::1.0
P,urn:nasa:pds:lp-mag-calibrated:data-lunarcrds:ma980628::1.0
P,urn:nasa:pds:lp-mag-calibrated:data-lunarcrds:ma980629::1.0
P,urn:nasa:pds:lp-mag-calibrated:data-lunarcrds:ma980630::1.0
P,urn:nasa:pds:lp-mag-calibrated:data-lunarcrds:ma980701::1.0
P,urn:nasa:pds:lp-mag-calibrated:data-lunarcrds:ma980702::1.0
P,urn:nasa:pds:lp-mag-calibrated:data-lunarcrds:ma980703::1.0
P,urn:nasa:pds:lp-mag-calibrated:data-lunarcrds:ma980704::1.0
P,urn:nasa:pds:lp-mag-calibrated:data-lunarcrds:ma980705::1.0
P,urn:nasa:pds:lp-mag-calibrated:data-lunarcrds:ma980706::1.0
P,urn:nasa:pds:lp-mag-calibrated:data-lunarcrds:ma980707::1.0
P,urn:nasa:pds:lp-mag-calibrated:data-lunarcrds:ma980708::1.0
P,urn:nasa:pds:lp-mag-calibrated:data-lunarcrds:ma980709::1.0
P,urn:nasa:pds:lp-mag-calibrated:data-lunarcrds:ma980710::1.0
P,urn:nasa:pds:lp-mag-calibrated:data-lunarcrds:ma980711::1.0
P,urn:nasa:pds:lp-mag-calibrated:data-lunarcrds:ma980712::1.0
P,urn:nasa:pds:lp-mag-calibrated:data-lunarcrds:ma980713::1.0
P,urn:nasa:pds:lp-mag-calibrated:data-lunarcrds:ma980714::1.0
P,urn:nasa:pds:lp-mag-calibrated:data-lunarcrds:ma980715::1.0
P,urn:nasa:pds:lp-mag-calibrated:data-lunarcrds:ma980716::1.0
P,urn:nasa:pds:lp-mag-calibrated:data-lunarcrds:ma980717::1.0
P,urn:nasa:pds:lp-mag-calibrated:data-lunarcrds:ma980718::1.0
P,urn:nasa:pds:lp-mag-calibrated:data-lunarcrds:ma980719::1.0
P,urn:nasa:pds:lp-mag-calibrated:data-lunarcrds:ma980720::1.0
P,urn:nasa:pds:lp-mag-calibrated:data-lunarcrds:ma980721::1.0
P,urn:nasa:pds:lp-mag-calibrated:data-lunarcrds:ma980722::1.0
P,urn:nasa:pds:lp-mag-calibrated:data-lunarcrds:ma980723::1.0
P,urn:nasa:pds:lp-mag-calibrated:data-lunarcrds:ma980724::1.0
P,urn:nasa:pds:lp-mag-calibrated:data-lunarcrds:ma980725::1.0
P,urn:nasa:pds:lp-mag-calibrated:data-lunarcrds:ma980726::1.0
P,urn:nasa:pds:lp-mag-calibrated:data-lunarcrds:ma980727::1.0
P,urn:nasa:pds:lp-mag-calibrated:data-lunarcrds:ma980728::1.0
P,urn:nasa:pds:lp-mag-calibrated:data-lunarcrds:ma980729::1.0
P,urn:nasa:pds:lp-mag-calibrated:data-lunarcrds:ma980730::1.0
P,urn:nasa:pds:lp-mag-calibrated:data-lunarcrds:ma980731::1.0
P,urn:nasa:pds:lp-mag-calibrated:data-lunarcrds:ma980801::1.0
P,urn:nasa:pds:lp-mag-calibrated:data-lunarcrds:ma980802::1.0
P,urn:nasa:pds:lp-mag-calibrated:data-lunarcrds:ma980803::1.0
P,urn:nasa:pds:lp-mag-calibrated:data-lunarcrds:ma980804::1.0
P,urn:nasa:pds:lp-mag-calibrated:data-lunarcrds:ma980805::1.0
P,urn:nasa:pds:lp-mag-calibrated:data-lunarcrds:ma980806::1.0
P,urn:nasa:pds:lp-mag-calibrated:data-lunarcrds:ma980807::1.0
P,urn:nasa:pds:lp-mag-calibrated:data-lunarcrds:ma980808::1.0
P,urn:nasa:pds:lp-mag-calibrated:data-lunarcrds:ma980809::1.0
P,urn:nasa:pds:lp-mag-calibrated:data-lunarcrds:ma980810::1.0
P,urn:nasa:pds:lp-mag-calibrated:data-lunarcrds:ma980811::1.0
P,urn:nasa:pds:lp-mag-calibrated:data-lunarcrds:ma980812::1.0
P,urn:nasa:pds:lp-mag-calibrated:data-lunarcrds:ma980813::1.0
P,urn:nasa:pds:lp-mag-calibrated:data-lunarcrds:ma980814::1.0
P,urn:nasa:pds:lp-mag-calibrated:data-lunarcrds:ma980815::1.0
P,urn:nasa:pds:lp-mag-calibrated:data-lunarcrds:ma980816::1.0
P,urn:nasa:pds:lp-mag-calibrated:data-lunarcrds:ma980817::1.0
P,urn:nasa:pds:lp-mag-calibrated:data-lunarcrds:ma980818::1.0
P,urn:nasa:pds:lp-mag-calibrated:data-lunarcrds:ma980819::1.0
P,urn:nasa:pds:lp-mag-calibrated:data-lunarcrds:ma980820::1.0
P,urn:nasa:pds:lp-mag-calibrated:data-lunarcrds:ma980821::1.0
P,urn:nasa:pds:lp-mag-calibrated:data-lunarcrds:ma980822::1.0
P,urn:nasa:pds:lp-mag-calibrated:data-lunarcrds:ma980823::1.0
P,urn:nasa:pds:lp-mag-calibrated:data-lunarcrds:ma980824::1.0
P,urn:nasa:pds:lp-mag-calibrated:data-lunarcrds:ma980825::1.0
P,urn:nasa:pds:lp-mag-calibrated:data-lunarcrds:ma980826::1.0
P,urn:nasa:pds:lp-mag-calibrated:data-lunarcrds:ma980827::1.0
P,urn:nasa:pds:lp-mag-calibrated:data-lunarcrds:ma980828::1.0
P,urn:nasa:pds:lp-mag-calibrated:data-lunarcrds:ma980829::1.0
P,urn:nasa:pds:lp-mag-calibrated:data-lunarcrds:ma980830::1.0
P,urn:nasa:pds:lp-mag-calibrated:data-lunarcrds:ma980831::1.0
P,urn:nasa:pds:lp-mag-calibrated:data-lunarcrds:ma980901::1.0
P,urn:nasa:pds:lp-mag-calibrated:data-lunarcrds:ma980902::1.0
P,urn:nasa:pds:lp-mag-calibrated:data-lunarcrds:ma980903::1.0
P,urn:nasa:pds:lp-mag-calibrated:data-lunarcrds:ma980904::1.0
P,urn:nasa:pds:lp-mag-calibrated:data-lunarcrds:ma980905::1.0
P,urn:nasa:pds:lp-mag-calibrated:data-lunarcrds:ma980906::1.0
P,urn:nasa:pds:lp-mag-calibrated:data-lunarcrds:ma980907::1.0
P,urn:nasa:pds:lp-mag-calibrated:data-lunarcrds:ma980908::1.0
P,urn:nasa:pds:lp-mag-calibrated:data-lunarcrds:ma980909::1.0
P,urn:nasa:pds:lp-mag-calibrated:data-lunarcrds:ma980910::1.0
P,urn:nasa:pds:lp-mag-calibrated:data-lunarcrds:ma980911::1.0
P,urn:nasa:pds:lp-mag-calibrated:data-lunarcrds:ma980912::1.0
P,urn:nasa:pds:lp-mag-calibrated:data-lunarcrds:ma980913::1.0
P,urn:nasa:pds:lp-mag-calibrated:data-lunarcrds:ma980914::1.0
P,urn:nasa:pds:lp-mag-calibrated:data-lunarcrds:ma980915::1.0
P,urn:nasa:pds:lp-mag-calibrated:data-lunarcrds:ma980916::1.0
P,urn:nasa:pds:lp-mag-calibrated:data-lunarcrds:ma980917::1.0
P,urn:nasa:pds:lp-mag-calibrated:data-lunarcrds:ma980918::1.0
P,urn:nasa:pds:lp-mag-calibrated:data-lunarcrds:ma980919::1.0
P,urn:nasa:pds:lp-mag-calibrated:data-lunarcrds:ma980920::1.0
P,urn:nasa:pds:lp-mag-calibrated:data-lunarcrds:ma980921::1.0
P,urn:nasa:pds:lp-mag-calibrated:data-lunarcrds:ma980922::1.0
P,urn:nasa:pds:lp-mag-calibrated:data-lunarcrds:ma980923::1.0
P,urn:nasa:pds:lp-mag-calibrated:data-lunarcrds:ma980924::1.0
P,urn:nasa:pds:lp-mag-calibrated:data-lunarcrds:ma980925::1.0
P,urn:nasa:pds:lp-mag-calibrated:data-lunarcrds:ma980926::1.0
P,urn:nasa:pds:lp-mag-calibrated:data-lunarcrds:ma980927::1.0
P,urn:nasa:pds:lp-mag-calibrated:data-lunarcrds:ma980928::1.0
P,urn:nasa:pds:lp-mag-calibrated:data-lunarcrds:ma980929::1.0
P,urn:nasa:pds:lp-mag-calibrated:data-lunarcrds:ma980930::1.0
P,urn:nasa:pds:lp-mag-calibrated:data-lunarcrds:ma981001::1.0
P,urn:nasa:pds:lp-mag-calibrated:data-lunarcrds:ma981002::1.0
P,urn:nasa:pds:lp-mag-calibrated:data-lunarcrds:ma981003::1.0
P,urn:nasa:pds:lp-mag-calibrated:data-lunarcrds:ma981004::1.0
P,urn:nasa:pds:lp-mag-calibrated:data-lunarcrds:ma981005::1.0
P,urn:nasa:pds:lp-mag-calibrated:data-lunarcrds:ma981006::1.0
P,urn:nasa:pds:lp-mag-calibrated:data-lunarcrds:ma981007::1.0
P,urn:nasa:pds:lp-mag-calibrated:data-lunarcrds:ma981008::1.0
P,urn:nasa:pds:lp-mag-calibrated:data-lunarcrds:ma981009::1.0
P,urn:nasa:pds:lp-mag-calibrated:data-lunarcrds:ma981010::1.0
P,urn:nasa:pds:lp-mag-calibrated:data-lunarcrds:ma981011::1.0
P,urn:nasa:pds:lp-mag-calibrated:data-lunarcrds:ma981012::1.0
P,urn:nasa:pds:lp-mag-calibrated:data-lunarcrds:ma981013::1.0
P,urn:nasa:pds:lp-mag-calibrated:data-lunarcrds:ma981014::1.0
P,urn:nasa:pds:lp-mag-calibrated:data-lunarcrds:ma981015::1.0
P,urn:nasa:pds:lp-mag-calibrated:data-lunarcrds:ma981016::1.0
P,urn:nasa:pds:lp-mag-calibrated:data-lunarcrds:ma981017::1.0
P,urn:nasa:pds:lp-mag-calibrated:data-lunarcrds:ma981018::1.0
P,urn:nasa:pds:lp-mag-calibrated:data-lunarcrds:ma981019::1.0
P,urn:nasa:pds:lp-mag-calibrated:data-lunarcrds:ma981020::1.0
P,urn:nasa:pds:lp-mag-calibrated:data-lunarcrds:ma981021::1.0
P,urn:nasa:pds:lp-mag-calibrated:data-lunarcrds:ma981022::1.0
P,urn:nasa:pds:lp-mag-calibrated:data-lunarcrds:ma981023::1.0
P,urn:nasa:pds:lp-mag-calibrated:data-lunarcrds:ma981024::1.0
P,urn:nasa:pds:lp-mag-calibrated:data-lunarcrds:ma981025::1.0
P,urn:nasa:pds:lp-mag-calibrated:data-lunarcrds:ma981026::1.0
P,urn:nasa:pds:lp-mag-calibrated:data-lunarcrds:ma981027::1.0
P,urn:nasa:pds:lp-mag-calibrated:data-lunarcrds:ma981028::1.0
P,urn:nasa:pds:lp-mag-calibrated:data-lunarcrds:ma981029::1.0
P,urn:nasa:pds:lp-mag-calibrated:data-lunarcrds:ma981030::1.0
P,urn:nasa:pds:lp-mag-calibrated:data-lunarcrds:ma981031::1.0
P,urn:nasa:pds:lp-mag-calibrated:data-lunarcrds:ma981101::1.0
P,urn:nasa:pds:lp-mag-calibrated:data-lunarcrds:ma981102::1.0
P,urn:nasa:pds:lp-mag-calibrated:data-lunarcrds:ma981103::1.0
P,urn:nasa:pds:lp-mag-calibrated:data-lunarcrds:ma981104::1.0
P,urn:nasa:pds:lp-mag-calibrated:data-lunarcrds:ma981105::1.0
P,urn:nasa:pds:lp-mag-calibrated:data-lunarcrds:ma981106::1.0
P,urn:nasa:pds:lp-mag-calibrated:data-lunarcrds:ma981107::1.0
P,urn:nasa:pds:lp-mag-calibrated:data-lunarcrds:ma981108::1.0
P,urn:nasa:pds:lp-mag-calibrated:data-lunarcrds:ma981109::1.0
P,urn:nasa:pds:lp-mag-calibrated:data-lunarcrds:ma981110::1.0
P,urn:nasa:pds:lp-mag-calibrated:data-lunarcrds:ma981111::1.0
P,urn:nasa:pds:lp-mag-calibrated:data-lunarcrds:ma981112::1.0
P,urn:nasa:pds:lp-mag-calibrated:data-lunarcrds:ma981113::1.0
P,urn:nasa:pds:lp-mag-calibrated:data-lunarcrds:ma981114::1.0
P,urn:nasa:pds:lp-mag-calibrated:data-lunarcrds:ma981115::1.0
P,urn:nasa:pds:lp-mag-calibrated:data-lunarcrds:ma981116::1.0
P,urn:nasa:pds:lp-mag-calibrated:data-lunarcrds:ma981117::1.0
P,urn:nasa:pds:lp-mag-calibrated:data-lunarcrds:ma981118::1.0
P,urn:nasa:pds:lp-mag-calibrated:data-lunarcrds:ma981119::1.0
P,urn:nasa:pds:lp-mag-calibrated:data-lunarcrds:ma981120::1.0
P,urn:nasa:pds:lp-mag-calibrated:data-lunarcrds:ma981121::1.0
P,urn:nasa:pds:lp-mag-calibrated:data-lunarcrds:ma981122::1.0
P,urn:nasa:pds:lp-mag-calibrated:data-lunarcrds:ma981123::1.0
P,urn:nasa:pds:lp-mag-calibrated:data-lunarcrds:ma981124::1.0
P,urn:nasa:pds:lp-mag-calibrated:data-lunarcrds:ma981125::1.0
P,urn:nasa:pds:lp-mag-calibrated:data-lunarcrds:ma981126::1.0
P,urn:nasa:pds:lp-mag-calibrated:data-lunarcrds:ma981127::1.0
P,urn:nasa:pds:lp-mag-calibrated:data-lunarcrds:ma981128::1.0
P,urn:nasa:pds:lp-mag-calibrated:data-lunarcrds:ma981129::1.0
P,urn:nasa:pds:lp-mag-calibrated:data-lunarcrds:ma981130::1.0
P,urn:nasa:pds:lp-mag-calibrated:data-lunarcrds:ma981201::1.0
P,urn:nasa:pds:lp-mag-calibrated:data-lunarcrds:ma981202::1.0
P,urn:nasa:pds:lp-mag-calibrated:data-lunarcrds:ma981203::1.0
P,urn:nasa:pds:lp-mag-calibrated:data-lunarcrds:ma981204::1.0
P,urn:nasa:pds:lp-mag-calibrated:data-lunarcrds:ma981205::1.0
P,urn:nasa:pds:lp-mag-calibrated:data-lunarcrds:ma981206::1.0
P,urn:nasa:pds:lp-mag-calibrated:data-lunarcrds:ma981207::1.0
P,urn:nasa:pds:lp-mag-calibrated:data-lunarcrds:ma981208::1.0
P,urn:nasa:pds:lp-mag-calibrated:data-lunarcrds:ma981209::1.0
P,urn:nasa:pds:lp-mag-calibrated:data-lunarcrds:ma981210::1.0
P,urn:nasa:pds:lp-mag-calibrated:data-lunarcrds:ma981211::1.0
P,urn:nasa:pds:lp-mag-calibrated:data-lunarcrds:ma981212::1.0
P,urn:nasa:pds:lp-mag-calibrated:data-lunarcrds:ma981213::1.0
P,urn:nasa:pds:lp-mag-calibrated:data-lunarcrds:ma981214::1.0
P,urn:nasa:pds:lp-mag-calibrated:data-lunarcrds:ma981215::1.0
P,urn:nasa:pds:lp-mag-calibrated:data-lunarcrds:ma981216::1.0
P,urn:nasa:pds:lp-mag-calibrated:data-lunarcrds:ma981217::1.0
P,urn:nasa:pds:lp-mag-calibrated:data-lunarcrds:ma981218::1.0
P,urn:nasa:pds:lp-mag-calibrated:data-lunarcrds:ma981219::1.0
P,urn:nasa:pds:lp-mag-calibrated:data-lunarcrds:ma981220::1.0
P,urn:nasa:pds:lp-mag-calibrated:data-lunarcrds:ma981221::1.0
P,urn:nasa:pds:lp-mag-calibrated:data-lunarcrds:ma981222::1.0
P,urn:nasa:pds:lp-mag-calibrated:data-lunarcrds:ma981223::1.0
P,urn:nasa:pds:lp-mag-calibrated:data-lunarcrds:ma981224::1.0
P,urn:nasa:pds:lp-mag-calibrated:data-lunarcrds:ma981225::1.0
P,urn:nasa:pds:lp-mag-calibrated:data-lunarcrds:ma981226::1.0
P,urn:nasa:pds:lp-mag-calibrated:data-lunarcrds:ma981227::1.0
P,urn:nasa:pds:lp-mag-calibrated:data-lunarcrds:ma981228::1.0
P,urn:nasa:pds:lp-mag-calibrated:data-lunarcrds:ma981229::1.0
P,urn:nasa:pds:lp-mag-calibrated:data-lunarcrds:ma981230::1.0
P,urn:nasa:pds:lp-mag-calibrated:data-lunarcrds:ma981231::1.0
P,urn:nasa:pds:lp-mag-calibrated:data-lunarcrds:ma990101::1.0
P,urn:nasa:pds:lp-mag-calibrated:data-lunarcrds:ma990102::1.0
P,urn:nasa:pds:lp-mag-calibrated:data-lunarcrds:ma990103::1.0
P,urn:nasa:pds:lp-mag-calibrated:data-lunarcrds:ma990104::1.0
P,urn:nasa:pds:lp-mag-calibrated:data-lunarcrds:ma990105::1.0
P,urn:nasa:pds:lp-mag-calibrated:data-lunarcrds:ma990106::1.0
P,urn:nasa:pds:lp-mag-calibrated:data-lunarcrds:ma990107::1.0
P,urn:nasa:pds:lp-mag-calibrated:data-lunarcrds:ma990108::1.0
P,urn:nasa:pds:lp-mag-calibrated:data-lunarcrds:ma990109::1.0
P,urn:nasa:pds:lp-mag-calibrated:data-lunarcrds:ma990110::1.0
P,urn:nasa:pds:lp-mag-calibrated:data-lunarcrds:ma990111::1.0
P,urn:nasa:pds:lp-mag-calibrated:data-lunarcrds:ma990112::1.0
P,urn:nasa:pds:lp-mag-calibrated:data-lunarcrds:ma990113::1.0
P,urn:nasa:pds:lp-mag-calibrated:data-lunarcrds:ma990114::1.0
P,urn:nasa:pds:lp-mag-calibrated:data-lunarcrds:ma990115::1.0
P,urn:nasa:pds:lp-mag-calibrated:data-lunarcrds:ma990116::1.0
P,urn:nasa:pds:lp-mag-calibrated:data-lunarcrds:ma990117::1.0
P,urn:nasa:pds:lp-mag-calibrated:data-lunarcrds:ma990118::1.0
P,urn:nasa:pds:lp-mag-calibrated:data-lunarcrds:ma990119::1.0
P,urn:nasa:pds:lp-mag-calibrated:data-lunarcrds:ma990120::1.0
P,urn:nasa:pds:lp-mag-calibrated:data-lunarcrds:ma990121::1.0
P,urn:nasa:pds:lp-mag-calibrated:data-lunarcrds:ma990122::1.0
P,urn:nasa:pds:lp-mag-calibrated:data-lunarcrds:ma990123::1.0
P,urn:nasa:pds:lp-mag-calibrated:data-lunarcrds:ma990124::1.0
P,urn:nasa:pds:lp-mag-calibrated:data-lunarcrds:ma990125::1.0
P,urn:nasa:pds:lp-mag-calibrated:data-lunarcrds:ma990126::1.0
P,urn:nasa:pds:lp-mag-calibrated:data-lunarcrds:ma990127::1.0
P,urn:nasa:pds:lp-mag-calibrated:data-lunarcrds:ma990128::1.0
P,urn:nasa:pds:lp-mag-calibrated:data-lunarcrds:ma990129::1.0
P,urn:nasa:pds:lp-mag-calibrated:data-lunarcrds:ma990130::1.0
P,urn:nasa:pds:lp-mag-calibrated:data-lunarcrds:ma990131::1.0
P,urn:nasa:pds:lp-mag-calibrated:data-lunarcrds:ma990201::1.0
P,urn:nasa:pds:lp-mag-calibrated:data-lunarcrds:ma990202::1.0
P,urn:nasa:pds:lp-mag-calibrated:data-lunarcrds:ma990203::1.0
P,urn:nasa:pds:lp-mag-calibrated:data-lunarcrds:ma990204::1.0
P,urn:nasa:pds:lp-mag-calibrated:data-lunarcrds:ma990205::1.0
P,urn:nasa:pds:lp-mag-calibrated:data-lunarcrds:ma990206::1.0
P,urn:nasa:pds:lp-mag-calibrated:data-lunarcrds:ma990207::1.0
P,urn:nasa:pds:lp-mag-calibrated:data-lunarcrds:ma990208::1.0
P,urn:nasa:pds:lp-mag-calibrated:data-lunarcrds:ma990209::1.0
P,urn:nasa:pds:lp-mag-calibrated:data-lunarcrds:ma990210::1.0
P,urn:nasa:pds:lp-mag-calibrated:data-lunarcrds:ma990211::1.0
P,urn:nasa:pds:lp-mag-calibrated:data-lunarcrds:ma990212::1.0
P,urn:nasa:pds:lp-mag-calibrated:data-lunarcrds:ma990213::1.0
P,urn:nasa:pds:lp-mag-calibrated:data-lunarcrds:ma990214::1.0
P,urn:nasa:pds:lp-mag-calibrated:data-lunarcrds:ma990215::1.0
P,urn:nasa:pds:lp-mag-calibrated:data-lunarcrds:ma990216::1.0
P,urn:nasa:pds:lp-mag-calibrated:data-lunarcrds:ma990217::1.0
P,urn:nasa:pds:lp-mag-calibrated:data-lunarcrds:ma990218::1.0
P,urn:nasa:pds:lp-mag-calibrated:data-lunarcrds:ma990219::1.0
P,urn:nasa:pds:lp-mag-calibrated:data-lunarcrds:ma990220::1.0
P,urn:nasa:pds:lp-mag-calibrated:data-lunarcrds:ma990221::1.0
P,urn:nasa:pds:lp-mag-calibrated:data-lunarcrds:ma990222::1.0
P,urn:nasa:pds:lp-mag-calibrated:data-lunarcrds:ma990223::1.0
P,urn:nasa:pds:lp-mag-calibrated:data-lunarcrds:ma990224::1.0
P,urn:nasa:pds:lp-mag-calibrated:data-lunarcrds:ma990225::1.0
P,urn:nasa:pds:lp-mag-calibrated:data-lunarcrds:ma990226::1.0
P,urn:nasa:pds:lp-mag-calibrated:data-lunarcrds:ma990227::1.0
P,urn:nasa:pds:lp-mag-calibrated:data-lunarcrds:ma990228::1.0
P,urn:nasa:pds:lp-mag-calibrated:data-lunarcrds:ma990301::1.0
P,urn:nasa:pds:lp-mag-calibrated:data-lunarcrds:ma990302::1.0
P,urn:nasa:pds:lp-mag-calibrated:data-lunarcrds:ma990303::1.0
P,urn:nasa:pds:lp-mag-calibrated:data-lunarcrds:ma990304::1.0
P,urn:nasa:pds:lp-mag-calibrated:data-lunarcrds:ma990305::1.0
P,urn:nasa:pds:lp-mag-calibrated:data-lunarcrds:ma990306::1.0
P,urn:nasa:pds:lp-mag-calibrated:data-lunarcrds:ma990307::1.0
P,urn:nasa:pds:lp-mag-calibrated:data-lunarcrds:ma990308::1.0
P,urn:nasa:pds:lp-mag-calibrated:data-lunarcrds:ma990309::1.0
P,urn:nasa:pds:lp-mag-calibrated:data-lunarcrds:ma990310::1.0
P,urn:nasa:pds:lp-mag-calibrated:data-lunarcrds:ma990311::1.0
P,urn:nasa:pds:lp-mag-calibrated:data-lunarcrds:ma990312::1.0
P,urn:nasa:pds:lp-mag-calibrated:data-lunarcrds:ma990313::1.0
P,urn:nasa:pds:lp-mag-calibrated:data-lunarcrds:ma990314::1.0
P,urn:nasa:pds:lp-mag-calibrated:data-lunarcrds:ma990315::1.0
P,urn:nasa:pds:lp-mag-calibrated:data-lunarcrds:ma990316::1.0
P,urn:nasa:pds:lp-mag-calibrated:data-lunarcrds:ma990317::1.0
P,urn:nasa:pds:lp-mag-calibrated:data-lunarcrds:ma990318::1.0
P,urn:nasa:pds:lp-mag-calibrated:data-lunarcrds:ma990319::1.0
P,urn:nasa:pds:lp-mag-calibrated:data-lunarcrds:ma990320::1.0
P,urn:nasa:pds:lp-mag-calibrated:data-lunarcrds:ma990321::1.0
P,urn:nasa:pds:lp-mag-calibrated:data-lunarcrds:ma990322::1.0
P,urn:nasa:pds:lp-mag-calibrated:data-lunarcrds:ma990323::1.0
P,urn:nasa:pds:lp-mag-calibrated:data-lunarcrds:ma990324::1.0
P,urn:nasa:pds:lp-mag-calibrated:data-lunarcrds:ma990325::1.0
P,urn:nasa:pds:lp-mag-calibrated:data-lunarcrds:ma990326::1.0
P,urn:nasa:pds:lp-mag-calibrated:data-lunarcrds:ma990327::1.0
P,urn:nasa:pds:lp-mag-calibrated:data-lunarcrds:ma990328::1.0
P,urn:nasa:pds:lp-mag-calibrated:data-lunarcrds:ma990329::1.0
P,urn:nasa:pds:lp-mag-calibrated:data-lunarcrds:ma990330::1.0
P,urn:nasa:pds:lp-mag-calibrated:data-lunarcrds:ma990331::1.0
P,urn:nasa:pds:lp-mag-calibrated:data-lunarcrds:ma990401::1.0
P,urn:nasa:pds:lp-mag-calibrated:data-lunarcrds:ma990402::1.0
P,urn:nasa:pds:lp-mag-calibrated:data-lunarcrds:ma990403::1.0
P,urn:nasa:pds:lp-mag-calibrated:data-lunarcrds:ma990404::1.0
P,urn:nasa:pds:lp-mag-calibrated:data-lunarcrds:ma990405::1.0
P,urn:nasa:pds:lp-mag-calibrated:data-lunarcrds:ma990406::1.0
P,urn:nasa:pds:lp-mag-calibrated:data-lunarcrds:ma990407::1.0
P,urn:nasa:pds:lp-mag-calibrated:data-lunarcrds:ma990408::1.0
P,urn:nasa:pds:lp-mag-calibrated:data-lunarcrds:ma990409::1.0
P,urn:nasa:pds:lp-mag-calibrated:data-lunarcrds:ma990410::1.0
P,urn:nasa:pds:lp-mag-calibrated:data-lunarcrds:ma990411::1.0
P,urn:nasa:pds:lp-mag-calibrated:data-lunarcrds:ma990412::1.0
P,urn:nasa:pds:lp-mag-calibrated:data-lunarcrds:ma990413::1.0
P,urn:nasa:pds:lp-mag-calibrated:data-lunarcrds:ma990414::1.0
P,urn:nasa:pds:lp-mag-calibrated:data-lunarcrds:ma990415::1.0
P,urn:nasa:pds:lp-mag-calibrated:data-lunarcrds:ma990416::1.0
P,urn:nasa:pds:lp-mag-calibrated:data-lunarcrds:ma990417::1.0
P,urn:nasa:pds:lp-mag-calibrated:data-lunarcrds:ma990418::1.0
P,urn:nasa:pds:lp-mag-calibrated:data-lunarcrds:ma990419::1.0
P,urn:nasa:pds:lp-mag-calibrated:data-lunarcrds:ma990420::1.0
P,urn:nasa:pds:lp-mag-calibrated:data-lunarcrds:ma990421::1.0
P,urn:nasa:pds:lp-mag-calibrated:data-lunarcrds:ma990422::1.0
P,urn:nasa:pds:lp-mag-calibrated:data-lunarcrds:ma990423::1.0
P,urn:nasa:pds:lp-mag-calibrated:data-lunarcrds:ma990424::1.0
P,urn:nasa:pds:lp-mag-calibrated:data-lunarcrds:ma990425::1.0
P,urn:nasa:pds:lp-mag-calibrated:data-lunarcrds:ma990426::1.0
P,urn:nasa:pds:lp-mag-calibrated:data-lunarcrds:ma990427::1.0
P,urn:nasa:pds:lp-mag-calibrated:data-lunarcrds:ma990428::1.0
P,urn:nasa:pds:lp-mag-calibrated:data-lunarcrds:ma990429::1.0
P,urn:nasa:pds:lp-mag-calibrated:data-lunarcrds:ma990430::1.0
P,urn:nasa:pds:lp-mag-calibrated:data-lunarcrds:ma990501::1.0
P,urn:nasa:pds:lp-mag-calibrated:data-lunarcrds:ma990502::1.0
P,urn:nasa:pds:lp-mag-calibrated:data-lunarcrds:ma990503::1.0
P,urn:nasa:pds:lp-mag-calibrated:data-lunarcrds:ma990504::1.0
P,urn:nasa:pds:lp-mag-calibrated:data-lunarcrds:ma990505::1.0
P,urn:nasa:pds:lp-mag-calibrated:data-lunarcrds:ma990506::1.0
P,urn:nasa:pds:lp-mag-calibrated:data-lunarcrds:ma990507::1.0
P,urn:nasa:pds:lp-mag-calibrated:data-lunarcrds:ma990508::1.0
P,urn:nasa:pds:lp-mag-calibrated:data-lunarcrds:ma990509::1.0
P,urn:nasa:pds:lp-mag-calibrated:data-lunarcrds:ma990510::1.0
P,urn:nasa:pds:lp-mag-calibrated:data-lunarcrds:ma990511::1.0
P,urn:nasa:pds:lp-mag-calibrated:data-lunarcrds:ma990512::1.0
P,urn:nasa:pds:lp-mag-calibrated:data-lunarcrds:ma990513::1.0
P,urn:nasa:pds:lp-mag-calibrated:data-lunarcrds:ma990514::1.0
P,urn:nasa:pds:lp-mag-calibrated:data-lunarcrds:ma990515::1.0
P,urn:nasa:pds:lp-mag-calibrated:data-lunarcrds:ma990516::1.0
P,urn:nasa:pds:lp-mag-calibrated:data-lunarcrds:ma990517::1.0
P,urn:nasa:pds:lp-mag-calibrated:data-lunarcrds:ma990518::1.0
P,urn:nasa:pds:lp-mag-calibrated:data-lunarcrds:ma990519::1.0
P,urn:nasa:pds:lp-mag-calibrated:data-lunarcrds:ma990520::1.0
P,urn:nasa:pds:lp-mag-calibrated:data-lunarcrds:ma990521::1.0
P,urn:nasa:pds:lp-mag-calibrated:data-lunarcrds:ma990522::1.0
P,urn:nasa:pds:lp-mag-calibrated:data-lunarcrds:ma990523::1.0
P,urn:nasa:pds:lp-mag-calibrated:data-lunarcrds:ma990524::1.0
P,urn:nasa:pds:lp-mag-calibrated:data-lunarcrds:ma990525::1.0
P,urn:nasa:pds:lp-mag-calibrated:data-lunarcrds:ma990526::1.0
P,urn:nasa:pds:lp-mag-calibrated:data-lunarcrds:ma990527::1.0
P,urn:nasa:pds:lp-mag-calibrated:data-lunarcrds:ma990528::1.0
P,urn:nasa:pds:lp-mag-calibrated:data-lunarcrds:ma990529::1.0
P,urn:nasa:pds:lp-mag-calibrated:data-lunarcrds:ma990530::1.0
P,urn:nasa:pds:lp-mag-calibrated:data-lunarcrds:ma990531::1.0
P,urn:nasa:pds:lp-mag-calibrated:data-lunarcrds:ma990601::1.0
P,urn:nasa:pds:lp-mag-calibrated:data-lunarcrds:ma990602::1.0
P,urn:nasa:pds:lp-mag-calibrated:data-lunarcrds:ma990603::1.0
P,urn:nasa:pds:lp-mag-calibrated:data-lunarcrds:ma990604::1.0
P,urn:nasa:pds:lp-mag-calibrated:data-lunarcrds:ma990605::1.0
P,urn:nasa:pds:lp-mag-calibrated:data-lunarcrds:ma990606::1.0
P,urn:nasa:pds:lp-mag-calibrated:data-lunarcrds:ma990607::1.0
P,urn:nasa:pds:lp-mag-calibrated:data-lunarcrds:ma990608::1.0
P,urn:nasa:pds:lp-mag-calibrated:data-lunarcrds:ma990609::1.0
P,urn:nasa:pds:lp-mag-calibrated:data-lunarcrds:ma990610::1.0
P,urn:nasa:pds:lp-mag-calibrated:data-lunarcrds:ma990611::1.0
P,urn:nasa:pds:lp-mag-calibrated:data-lunarcrds:ma990612::1.0
P,urn:nasa:pds:lp-mag-calibrated:data-lunarcrds:ma990613::1.0
P,urn:nasa:pds:lp-mag-calibrated:data-lunarcrds:ma990614::1.0
P,urn:nasa:pds:lp-mag-calibrated:data-lunarcrds:ma990615::1.0
P,urn:nasa:pds:lp-mag-calibrated:data-lunarcrds:ma990616::1.0
P,urn:nasa:pds:lp-mag-calibrated:data-lunarcrds:ma990617::1.0
P,urn:nasa:pds:lp-mag-calibrated:data-lunarcrds:ma990618::1.0
P,urn:nasa:pds:lp-mag-calibrated:data-lunarcrds:ma990619::1.0
P,urn:nasa:pds:lp-mag-calibrated:data-lunarcrds:ma990620::1.0
P,urn:nasa:pds:lp-mag-calibrated:data-lunarcrds:ma990621::1.0
P,urn:nasa:pds:lp-mag-calibrated:data-lunarcrds:ma990622::1.0
P,urn:nasa:pds:lp-mag-calibrated:data-lunarcrds:ma990623::1.0
P,urn:nasa:pds:lp-mag-calibrated:data-lunarcrds:ma990624::1.0
P,urn:nasa:pds:lp-mag-calibrated:data-lunarcrds:ma990625::1.0
P,urn:nasa:pds:lp-mag-calibrated:data-lunarcrds:ma990626::1.0
P,urn:nasa:pds:lp-mag-calibrated:data-lunarcrds:ma990627::1.0
P,urn:nasa:pds:lp-mag-calibrated:data-lunarcrds:ma990628::1.0
P,urn:nasa:pds:lp-mag-calibrated:data-lunarcrds:ma990629::1.0
P,urn:nasa:pds:lp-mag-calibrated:data-lunarcrds:ma990630::1.0
P,urn:nasa:pds:lp-mag-calibrated:data-lunarcrds:ma990701::1.0
P,urn:nasa:pds:lp-mag-calibrated:data-lunarcrds:ma990702::1.0
P,urn:nasa:pds:lp-mag-calibrated:data-lunarcrds:ma990703::1.0
P,urn:nasa:pds:lp-mag-calibrated:data-lunarcrds:ma990704::1.0
P,urn:nasa:pds:lp-mag-calibrated:data-lunarcrds:ma990705::1.0
P,urn:nasa:pds:lp-mag-calibrated:data-lunarcrds:ma990706::1.0
P,urn:nasa:pds:lp-mag-calibrated:data-lunarcrds:ma990707::1.0
P,urn:nasa:pds:lp-mag-calibrated:data-lunarcrds:ma990708::1.0
P,urn:nasa:pds:lp-mag-calibrated:data-lunarcrds:ma990709::1.0
P,urn:nasa:pds:lp-mag-calibrated:data-lunarcrds:ma990710::1.0
P,urn:nasa:pds:lp-mag-calibrated:data-lunarcrds:ma990711::1.0
P,urn:nasa:pds:lp-mag-calibrated:data-lunarcrds:ma990712::1.0
P,urn:nasa:pds:lp-mag-calibrated:data-lunarcrds:ma990713::1.0
P,urn:nasa:pds:lp-mag-calibrated:data-lunarcrds:ma990714::1.0
P,urn:nasa:pds:lp-mag-calibrated:data-lunarcrds:ma990715::1.0
P,urn:nasa:pds:lp-mag-calibrated:data-lunarcrds:ma990716::1.0
P,urn:nasa:pds:lp-mag-calibrated:data-lunarcrds:ma990717::1.0
P,urn:nasa:pds:lp-mag-calibrated:data-lunarcrds:ma990718::1.0
P,urn:nasa:pds:lp-mag-calibrated:data-lunarcrds:ma990719::1.0
P,urn:nasa:pds:lp-mag-calibrated:data-lunarcrds:ma990720::1.0
P,urn:nasa:pds:lp-mag-calibrated:data-lunarcrds:ma990721::1.0
P,urn:nasa:pds:lp-mag-calibrated:data-lunarcrds:ma990722::1.0
P,urn:nasa:pds:lp-mag-calibrated:data-lunarcrds:ma990723::1.0
P,urn:nasa:pds:lp-mag-calibrated:data-lunarcrds:ma990724::1.0
P,urn:nasa:pds:lp-mag-calibrated:data-lunarcrds:ma990725::1.0
P,urn:nasa:pds:lp-mag-calibrated:data-lunarcrds:ma990726::1.0
P,urn:nasa:pds:lp-mag-calibrated:data-lunarcrds:ma990727::1.0
P,urn:nasa:pds:lp-mag-calibrated:data-lunarcrds:ma990728::1.0
P,urn:nasa:pds:lp-mag-calibrated:data-lunarcrds:ma990729::1.0
